<?xml version="1.0" encoding="UTF-8"?>

<!DOCTYPE mapper PUBLIC "-//mybatis.org//DTD Mapper 3.0//EN"
        "http://mybatis.org/dtd/mybatis-3-mapper.dtd">
<mapper namespace="com.companyd.hompage.seoul.repository.LogMapper">
    <!--colomn 수 반환-->
    <select id="columnCount" parameterType="int" resultType="int">
        SELECT COUNT(*) FROM result_log;
    </select>

    <select id="selectAllLogs"
            resultType="com.companyd.hompage.seoul.entity.Logs">
        select id, user_name, created_date, download_cnt, download_date, file_name,result_file_name, is_succeed, origin_location, result_location from result_log
    </select>
    <select id="selectLogById" resultType="com.companyd.hompage.seoul.entity.Logs" parameterType="int">
        select id, user_name, created_date, download_cnt, download_date, file_name,result_file_name, is_succeed, origin_location, result_location from result_log
        where id = #{id}
    </select>
    <select id="selectLogByUserNames" resultType="com.companyd.hompage.seoul.entity.Logs">
        select id, user_name, created_date, download_cnt, download_date, file_name,result_file_name, is_succeed, origin_location, result_location from result_log
        where user_name = #{user_name} and is_succeed = 1;
    </select>
    <select id="selectLogByFileName" resultType="com.companyd.hompage.seoul.entity.Logs" parameterType="String">
        select id, user_name, created_date, download_cnt, download_date, file_name,result_file_name, is_succeed, origin_location, result_location from result_log
        where file_name = #{file_name}
    </select>
    <select id="selectLogByResultFileName" resultType="com.companyd.hompage.seoul.entity.Logs" parameterType="String">
        select id, user_name, created_date, download_cnt, download_date, file_name,result_file_name, is_succeed, origin_location, result_location, result_file_name from result_log
        where result_file_name = #{result_file_name}
    </select>
    <select id="selectLogByFileNames" resultType="com.companyd.hompage.seoul.entity.Logs" parameterType="String">
        select id, user_name, created_date, download_cnt, download_date, file_name,result_file_name, is_succeed, origin_location, result_location from result_log
        where file_name = #{file_name}
    </select>
    <select id="selectSuccessLogByUserName" resultType="com.companyd.hompage.seoul.entity.Logs" parameterType="String">
        select id, user_name, created_date, download_cnt, download_date, file_name, is_succeed, origin_location, result_location, result_file_name from result_log
        where user_name = #{user_name} AND is_succeed = 1
    </select>
    <insert id="insertLog" parameterType="com.companyd.hompage.seoul.entity.Logs" useGeneratedKeys="true" keyProperty="id">
        insert into result_log(file_name, origin_location) values(#{file_name}, #{origin_location})
    </insert>
    <update id="updateLog" parameterType="com.companyd.hompage.seoul.entity.Logs">

    </update>
    <delete id="deleteLog" parameterType="int">
        delete from result_log where id = #{id}
    </delete>
</mapper>